<?xml version="1.0" encoding="UTF-8" ?>
<document>
<!--The data in this file is primarily intended for consumption by Xilinx tools.
The structure and the elements are likely to change over the next few releases.
This means code written to parse this file will need to be revisited each subsequent release.-->
<application name="pa" timeStamp="Tue Sep 27 21:07:27 2016">
<section name="Project Information" visible="false">
<property name="ProjectID" value="3dd1fa7fd3064771bb8bbd0dcd75e5f9" type="ProjectID"/>
<property name="ProjectIteration" value="229" type="ProjectIteration"/>
</section>
<section name="PlanAhead Usage" visible="true">
<item name="Project Data">
<property name="SrcSetCount" value="1" type="SrcSetCount"/>
<property name="ConstraintSetCount" value="1" type="ConstraintSetCount"/>
<property name="DesignMode" value="RTL" type="DesignMode"/>
<property name="SynthesisStrategy" value="Vivado Synthesis Defaults" type="SynthesisStrategy"/>
<property name="ImplStrategy" value="Vivado Implementation Defaults" type="ImplStrategy"/>
</item>
<item name="Java Command Handlers">
<property name="AddSources" value="30" type="JavaHandler"/>
<property name="CloseProject" value="-2" type="JavaHandler"/>
<property name="EditDelete" value="11" type="JavaHandler"/>
<property name="EditPaste" value="3" type="JavaHandler"/>
<property name="EditProperties" value="12" type="JavaHandler"/>
<property name="EditSimulationSets" value="1" type="JavaHandler"/>
<property name="FitSelection" value="4" type="JavaHandler"/>
<property name="FlipToViewTaskRTLAnalysis" value="2" type="JavaHandler"/>
<property name="FlipToViewTaskSynthesis" value="2" type="JavaHandler"/>
<property name="MakeActiveSimSet" value="9" type="JavaHandler"/>
<property name="MoveToDesignSet" value="2" type="JavaHandler"/>
<property name="MoveToSimSet" value="2" type="JavaHandler"/>
<property name="OpenDesign" value="1" type="JavaHandler"/>
<property name="OpenProject" value="4" type="JavaHandler"/>
<property name="ProjectSettingsCmdHandler" value="21" type="JavaHandler"/>
<property name="ReportMethodology" value="4" type="JavaHandler"/>
<property name="ReportTimingSummary" value="5" type="JavaHandler"/>
<property name="ReportUtilization" value="4" type="JavaHandler"/>
<property name="RunDesignAhead" value="3" type="JavaHandler"/>
<property name="RunImplementation" value="5" type="JavaHandler"/>
<property name="RunPowerEstimation" value="4" type="JavaHandler"/>
<property name="RunSchematic" value="11" type="JavaHandler"/>
<property name="RunSynthesis" value="64" type="JavaHandler"/>
<property name="SaveLayoutAs" value="2" type="JavaHandler"/>
<property name="SaveProjectAs" value="4" type="JavaHandler"/>
<property name="SetGlobalInclude" value="4" type="JavaHandler"/>
<property name="SetSourceEnabled" value="7" type="JavaHandler"/>
<property name="SetTopNode" value="9" type="JavaHandler"/>
<property name="ShowConnectivity" value="3" type="JavaHandler"/>
<property name="ShowHierarchy" value="5" type="JavaHandler"/>
<property name="ShowPowerEstimation" value="4" type="JavaHandler"/>
<property name="ShowSource" value="15" type="JavaHandler"/>
<property name="ShowView" value="30" type="JavaHandler"/>
<property name="ShowWorldView" value="1" type="JavaHandler"/>
<property name="SimulationClose" value="71" type="JavaHandler"/>
<property name="SimulationRelaunch" value="104" type="JavaHandler"/>
<property name="SimulationRestart" value="62" type="JavaHandler"/>
<property name="SimulationRun" value="144" type="JavaHandler"/>
<property name="SimulationRunAll" value="35" type="JavaHandler"/>
<property name="SimulationRunForTime" value="107" type="JavaHandler"/>
<property name="SimulationStep" value="33" type="JavaHandler"/>
<property name="ToggleAutoFitSelection" value="6" type="JavaHandler"/>
<property name="ToggleViewNavigator" value="8" type="JavaHandler"/>
<property name="ToolsOptions" value="8" type="JavaHandler"/>
<property name="ToolsTemplates" value="3" type="JavaHandler"/>
<property name="UpdateSourceFiles" value="9" type="JavaHandler"/>
<property name="ViewLayoutCmd" value="5" type="JavaHandler"/>
<property name="ViewTaskProjectManager" value="27" type="JavaHandler"/>
<property name="ViewTaskRTLAnalysis" value="8" type="JavaHandler"/>
<property name="ViewTaskSimulation" value="8" type="JavaHandler"/>
<property name="ViewTaskSynthesis" value="5" type="JavaHandler"/>
<property name="WaveformNewConfiguration" value="1" type="JavaHandler"/>
<property name="WaveformOpenConfiguration" value="15" type="JavaHandler"/>
<property name="WaveformRenameObject" value="17" type="JavaHandler"/>
<property name="WaveformSaveConfiguration" value="38" type="JavaHandler"/>
<property name="WaveformSaveConfigurationAs" value="5" type="JavaHandler"/>
<property name="ZoomFit" value="6" type="JavaHandler"/>
<property name="ZoomIn" value="3" type="JavaHandler"/>
<property name="ZoomOut" value="4" type="JavaHandler"/>
<property name="aO" value="1" type="JavaHandler"/>
<property name="ui.views.b.aG" value="1" type="JavaHandler"/>
</item>
<item name="Gui Resources Info">
<property name="CANCEL, Cancel" value="1" type="GuiResourceData"/>
<property name="PAResourceAtoD.CommandOutputOptionsPanel_CHOOSE_OUTPUT_FILE_FOR_TIMING_REPORT, (String" value="1" type="GuiResourceData"/>
<property name="PAResourceAtoD.CommandOutputOptionsPanel_OVERWRITE, Overwrite" value="1" type="GuiResourceData"/>
<property name="PAResourceAtoD.CommandOutputOptionsPanel_WRITE_RESULTS_TO_FILE, Write results to file:, true" value="1" type="GuiResourceData"/>
<property name="PAResourceAtoD.DockingHolder_CLOSE, Close" value="1" type="GuiResourceData"/>
<property name="PAResourceAtoD.DockingHolder_MAXIMIZE, Maximize" value="1" type="GuiResourceData"/>
<property name="PAResourceCommand.PACommandNames_OPEN_NETLIST_DESIGN, New Synthesized Design..." value="1" type="GuiResourceData"/>
<property name="PAResourceEtoH.ExpReportTreePanel_EXP_REPORT_TREE_TABLE, Design Initialization (init_design" value="1" type="GuiResourceData"/>
<property name="PAResourceEtoH.ExpReportTreePanel_EXP_REPORT_TREE_TABLE, Timing Summary Report ;  ;  ; , 4" value="1" type="GuiResourceData"/>
<property name="PAResourceEtoH.ExpReportTreePanel_EXP_REPORT_TREE_TABLE, Timing Summary Report ;  ;  ; , 4, Timing Summary Report, 0, false" value="1" type="GuiResourceData"/>
<property name="PAResourceEtoH.ExpReportTreePanel_EXP_REPORT_TREE_TABLE, Timing Summary Report ;  ;  ; , 4, Timing Summary Report, 0, false, false, false, false, false, true" value="1" type="GuiResourceData"/>
<property name="PAResourceEtoH.ExpReportTreePanel_EXP_REPORT_TREE_TABLE, Timing Summary Report ;  ;  ; , 4, Timing Summary Report, 0, false, false, false, false, true, false" value="1" type="GuiResourceData"/>
<property name="PAResourceEtoH.ExpRunMenu_MAKE_ACTIVE, Make Active" value="1" type="GuiResourceData"/>
<property name="PAResourceEtoH.ExpRunTreePanel_EXP_RUN_TREE_TABLE, synth_1 ; constrs_1 ; Synthesis Out-of-date ;  ;  ;  ;  ;  ;  ; 303 ; 413 ; 0 ; 0 ; 0 ; Tue Sep 27 18:28:39 CST 2016 ; 00:00:50 ; Vivado Synthesis Defaults* (Vivado Synthesis 2015" value="1" type="GuiResourceData"/>
<property name="PAResourceEtoH.FlowNavigatorTreePanel_FLOW_NAVIGATOR_TREE, [, RTL Analysis, Elaborated Design, Report Methodology], 15, false" value="1" type="GuiResourceData"/>
<property name="PAResourceEtoH.FlowNavigatorTreePanel_FLOW_NAVIGATOR_TREE, [, RTL Analysis, Elaborated Design], 14, true" value="1" type="GuiResourceData"/>
<property name="PAResourceEtoH.FlowNavigatorTreePanel_FLOW_NAVIGATOR_TREE, [, Synthesis, Synthesis Settings], 20, false" value="1" type="GuiResourceData"/>
<property name="PAResourceEtoH.FlowNavigatorTreePanel_FLOW_NAVIGATOR_TREE, [, Synthesis, Synthesized Design, Report Power], 33, false" value="1" type="GuiResourceData"/>
<property name="PAResourceEtoH.FlowNavigatorTreePanel_FLOW_NAVIGATOR_TREE, [, Synthesis, Synthesized Design, Report Timing Summary], 25, false" value="1" type="GuiResourceData"/>
<property name="PAResourceEtoH.FlowNavigatorTreePanel_FLOW_NAVIGATOR_TREE, [, Synthesis, Synthesized Design, Report Timing Summary], 26, false" value="1" type="GuiResourceData"/>
<property name="PAResourceEtoH.FlowNavigatorTreePanel_FLOW_NAVIGATOR_TREE, [, Synthesis, Synthesized Design, Report Utilization], 32, false" value="1" type="GuiResourceData"/>
<property name="PAResourceEtoH.FlowNavigatorTreePanel_FLOW_NAVIGATOR_TREE, [, Synthesis, Synthesized Design], 22" value="1" type="GuiResourceData"/>
<property name="PAResourceEtoH.FlowNavigatorTreePanel_FLOW_NAVIGATOR_TREE, [, Synthesis, Synthesized Design], 22, true" value="1" type="GuiResourceData"/>
<property name="PAResourceEtoH.FlowNavigatorTreePanel_FLOW_NAVIGATOR_TREE, [, Synthesis, Synthesized Design], 22, true, false, false, false, true, false" value="2" type="GuiResourceData"/>
<property name="PAResourceItoN.MsgTreePanel_MESSAGE_VIEW_TREE, [, Synthesis, [Synth 8-3332] Sequential element (EXP_STAGE_DmP/Q_reg[62]" value="1" type="GuiResourceData"/>
<property name="PAResourceItoN.MsgTreePanel_MESSAGE_VIEW_TREE, [, Synthesis], 0" value="1" type="GuiResourceData"/>
<property name="PAResourceItoN.MsgView_WARNING_MESSAGES, (String" value="1" type="GuiResourceData"/>
<property name="PAResourceItoN.NavigableTimingReportTab_TIMING_REPORT_NAVIGATION_TREE, [Root, Check Timing, no_input_delay], 9, false" value="1" type="GuiResourceData"/>
<property name="PAResourceOtoP.ProjectSummaryUtilizationPanel_PROJECT_SUMMARY_UTILIZATION_PANEL_TABBED, PAResourceOtoP.ProjectSummaryUtilizationPanel_TABLE, Table, 1" value="1" type="GuiResourceData"/>
<property name="PAResourceOtoP.ProjectTab_RELOAD, Reload" value="1" type="GuiResourceData"/>
<property name="PAResourceQtoS.ReportTimingSummaryDialog_REPORT_TIMING_SUMMARY_DIALOG_TABBED, PAResourceQtoS.ReportTimingSummaryDialog_ADVANCED, Advanced, 1" value="1" type="GuiResourceData"/>
<property name="PAResourceQtoS.ReportUtilizationDialog_EXPORT_TO_FILE, Export to file:, true" value="1" type="GuiResourceData"/>
<property name="PAResourceQtoS.ReportUtilizationDialog_TEXT_FILES, (String" value="1" type="GuiResourceData"/>
<property name="PAResourceTtoZ.XPowerSettingsDialog_CHOOSE_OUTPUT_TEXT_FILE_FOR_POWER_REPORT, (String" value="1" type="GuiResourceData"/>
<property name="PAResourceTtoZ.XPowerSettingsDialog_SAVE_THESE_SETTINGS_AND_RUN, OK" value="1" type="GuiResourceData"/>
<property name="RDIResource.BaseDialog_CANCEL, Cancel" value="2" type="GuiResourceData"/>
<property name="RDIResource.BaseDialog_OK, OK" value="3" type="GuiResourceData"/>
</item>
<item name="Other">
<property name="GuiMode" value="35" type="GuiMode"/>
<property name="BatchMode" value="0" type="BatchMode"/>
<property name="TclMode" value="24" type="TclMode"/>
</item>
</section>
</application>
</document>
