						
	Median	Median	Median	Median		Average Error
						
	Average Error	Average Error	Average Error	Average Error		
#1022 Valores	0,6923509384	0,6924312906	0,6923511429	0,6923509384		
						
	RMODE11 Error	RMODE10 Error	RMODE01 Error	RMODE00 Error		
	0,000322	0,000393	0,000322	0,000322		
	0,000554	0,000620	0,000554	0,000554		
	0,000775	0,000846	0,000775	0,000775		
	0,001013	0,001079	0,001013	0,001013		
	0,001258	0,001329	0,001258	0,001258		
	0,001496	0,001568	0,001496	0,001496		
	0,001753	0,001818	0,001753	0,001753		
	0,001991	0,002063	0,001991	0,001991		
	0,002253	0,002313	0,002253	0,002253		
	0,002414	0,002486	0,002414	0,002414		
	0,002671	0,002742	0,002671	0,002671		
	0,002927	0,002999	0,002927	0,002927		
	0,003178	0,003243	0,003178	0,003178		
	0,003440	0,003506	0,003440	0,003440		
	0,003548	0,003619	0,003548	0,003548		
	0,003804	0,003870	0,003804	0,003804		
	0,004055	0,004126	0,004055	0,004055		
	0,004311	0,004377	0,004311	0,004311		
	0,004574	0,004645	0,004574	0,004574		
	0,004830	0,004896	0,004830	0,004830		
	0,005105	0,005165	0,005105	0,005105		
	0,005165	0,005231	0,005374	0,005165		
	0,005434	0,005487	0,005434	0,005434		
	0,005679	0,005744	0,005679	0,005679		
	0,005947	0,006013	0,005947	0,005947		
	0,006216	0,006282	0,006216	0,006216		
	0,006485	0,006545	0,006485	0,006485		
	0,006760	0,006820	0,006760	0,006760		
	0,007035	0,007100	0,007035	0,007035		
	0,007035	0,007095	0,007035	0,007035		
	0,007304	0,007370	0,007304	0,007304		
	0,007579	0,007639	0,007579	0,007579		
	0,007855	0,007920	0,007855	0,007855		
	0,008136	0,008196	0,008136	0,008136		
	0,008429	0,008483	0,008429	0,008429		
	0,008710	0,008770	0,008710	0,008710		
	0,008645	0,008699	0,008645	0,008645		
	0,008915	0,008981	0,008915	0,008915		
	0,009202	0,009268	0,009202	0,009202		
	0,009490	0,009556	0,009490	0,009490		
	0,009778	0,009825	0,009778	0,009778		
	0,010071	0,010119	0,010071	0,010071		
	0,010365	0,010419	0,010365	0,010365		
	0,010659	0,010707	0,010659	0,010659		
	0,010529	0,010588	0,010529	0,010529		
	0,010817	0,010876	0,010817	0,010817		
	0,011105	0,011176	0,011105	0,011105		
	0,011405	0,011471	0,011405	0,011405		
	0,011699	0,011771	0,011699	0,011699		
	0,012011	0,012077	0,012011	0,012011		
	0,012336	0,012407	0,012336	0,012336		
	0,012152	0,012236	0,012152	0,012152		
	0,012458	0,012536	0,012458	0,012458		
	0,012753	0,012837	0,012753	0,012753		
	0,013060	0,013132	0,013060	0,013060		
	0,013367	0,013445	0,013367	0,013367		
	0,013674	0,013752	0,013674	0,013674		
	0,013987	0,014065	0,013987	0,013987		
	0,013755	0,013839	0,013755	0,013755		
	0,014069	0,014134	0,014069	0,014069		
	0,014364	0,014442	0,014364	0,014364		
	0,014690	0,014761	0,014690	0,014690		
	0,015009	0,015075	0,015009	0,015009		
	0,015329	0,015389	0,015329	0,015329		
	0,015643	0,015715	0,015643	0,015643		
	0,015969	0,016041	0,015969	0,015969		
	0,015672	0,015744	0,015672	0,015672		
	0,015986	0,016058	0,015986	0,015986		
	0,016312	0,016372	0,016312	0,016312		
	0,016633	0,016705	0,016633	0,016633		
	0,016984	0,017043	0,016984	0,016984		
	0,017304	0,017370	0,017304	0,017304		
	0,017649	0,017709	0,017649	0,017649		
	0,017292	0,017358	0,017292	0,017292		
	0,017614	0,017680	0,017614	0,017614		
	0,017953	0,018001	0,017953	0,017953		
	0,018280	0,018334	0,018280	0,018280		
	0,018626	0,018668	0,018626	0,018626		
	0,018936	0,019008	0,018936	0,018936		
	0,019294	0,019366	0,019294	0,019294		
	0,018871	0,018955	0,018871	0,018871		
	0,019211	0,019295	0,019211	0,019211		
	0,019545	0,019618	0,019545	0,019545		
	0,019886	0,019970	0,019886	0,019886		
	0,020239	0,020317	0,020239	0,020239		
	0,020580	0,020652	0,020580	0,020580		
	0,020933	0,020999	0,020933	0,020933		
	0,021280	0,021358	0,021280	0,021280		
	0,020803	0,020881	0,020803	0,020803		
	0,021151	0,021229	0,021151	0,021151		
	0,021751	0,021830	0,021751	0,021751		
	0,022117	0,022190	0,022117	0,022117		
	0,022472	0,022532	0,022472	0,022472		
	0,021953	0,022007	0,021953	0,021953		
	0,022301	0,022367	0,022301	0,022301		
	0,022656	0,022734	0,022656	0,022656		
	0,023011	0,023095	0,023011	0,023011		
	0,023372	0,023456	0,023372	0,023372		
	0,023733	0,023818	0,023733	0,023733		
	0,024107	0,024185	0,024107	0,024107		
	0,024499	0,024559	0,024499	0,024499		
	0,023901	0,023968	0,023901	0,023901		
	0,024275	0,024336	0,024275	0,024275		
	0,024638	0,024704	0,024638	0,024638		
	0,025018	0,025073	0,025018	0,025018		
	0,025387	0,025454	0,025387	0,025387		
	0,025762	0,025823	0,025762	0,025762		
	0,026144	0,026204	0,026144	0,026144		
	0,025491	0,025564	0,025491	0,025491		
	0,025879	0,025946	0,025879	0,025879		
	0,026279	0,026358	0,026279	0,026279		
	0,026661	0,026734	0,026661	0,026661		
	0,027050	0,027122	0,027050	0,027050		
	0,027439	0,027505	0,027439	0,027439		
	0,027822	0,027900	0,027822	0,027822		
	0,028211	0,028278	0,028211	0,028211		
	0,027498	0,027571	0,027498	0,027498		
	0,027900	0,027960	0,027900	0,027900		
	0,028277	0,028356	0,028277	0,028277		
	0,028668	0,028746	0,028668	0,028668		
	0,029076	0,029155	0,029076	0,029076		
	0,029479	0,029558	0,029479	0,029479		
	0,029882	0,029949	0,029882	0,029882		
	0,029102	0,029181	0,029102	0,029102		
	0,029505	0,029578	0,029505	0,029505		
	0,029909	0,029982	0,029909	0,029909		
	0,030325	0,030374	0,030325	0,030325		
	0,030706	0,030785	0,030706	0,030706		
	0,031122	0,031208	0,031122	0,031122		
	0,031534	0,031619	0,031534	0,031534		
	0,031945	0,032024	0,031945	0,031945		
	0,031468	0,031535	0,031468	0,031468		
	0,031874	0,031941	0,031874	0,031874		
	0,032292	0,032347	0,032292	0,032292		
	0,032711	0,032772	0,032711	0,032711		
	0,033142	0,033197	0,033142	0,033142		
	0,032257	0,032312	0,032257	0,032257		
	0,032682	0,032725	0,032682	0,032682		
	0,033090	0,033151	0,033090	0,033090		
	0,033516	0,033571	0,033516	0,033516		
	0,033936	0,033997	0,033936	0,033936		
	0,034369	0,034424	0,034369	0,034369		
	0,034796	0,034863	0,034796	0,034796		
	0,035242	0,035285	0,035242	0,035242		
	0,034295	0,034344	0,034295	0,034295		
	0,034716	0,034778	0,034716	0,034716		
	0,035151	0,035212	0,035151	0,035151		
	0,035592	0,035647	0,035592	0,035592		
	0,036021	0,036076	0,036021	0,036021		
	0,036456	0,036518	0,036456	0,036456		
	0,036911	0,036953	0,036911	0,036911		
	0,035950	0,036023	0,035950	0,035950		
	0,036392	0,036453	0,036392	0,036392		
	0,036816	0,036896	0,036816	0,036816		
	0,037266	0,037339	0,037266	0,037266		
	0,037716	0,037789	0,037716	0,037716		
	0,038172	0,038227	0,038172	0,038172		
	0,038610	0,038684	0,038610	0,038610		
	0,037550	0,037623	0,037550	0,037550		
	0,038013	0,038074	0,038013	0,038013		
	0,038458	0,038513	0,038458	0,038458		
	0,038922	0,038971	0,038922	0,038922		
	0,039368	0,039436	0,039368	0,039368		
	0,039833	0,039901	0,039833	0,039833		
	0,040305	0,040360	0,040305	0,040305		
	0,040765	0,040833	0,040765	0,040765		
	0,039635	0,039696	0,039635	0,039635		
	0,040089	0,040156	0,040089	0,040089		
	0,040561	0,040629	0,040561	0,040561		
	0,041035	0,041097	0,041035	0,041035		
	0,041496	0,041564	0,041496	0,041496		
	0,040785	0,040859	0,040785	0,040785		
	0,041259	0,041339	0,041259	0,041259		
	0,041740	0,041802	0,041740	0,041740		
	0,042197	0,042271	0,042197	0,042197		
	0,042685	0,042747	0,042685	0,042685		
	0,043161	0,043236	0,043161	0,043161		
	0,043651	0,043712	0,043651	0,043651		
	0,044134	0,044196	0,044134	0,044134		
	0,042901	0,042951	0,042901	0,042901		
	0,043373	0,043447	0,043373	0,043373		
	0,043857	0,043925	0,043857	0,043857		
	0,044348	0,044423	0,044348	0,044348		
	0,044840	0,044902	0,044840	0,044840		
	0,045326	0,045401	0,045326	0,045326		
	0,045831	0,045893	0,045831	0,045831		
	0,044534	0,044596	0,044534	0,044534		
	0,045027	0,045083	0,045027	0,045027		
	0,045508	0,045583	0,045508	0,045508		
	0,046015	0,046083	0,046015	0,046015		
	0,046509	0,046590	0,046509	0,046509		
	0,047023	0,047092	0,047023	0,047023		
	0,047582	0,047657	0,047582	0,047582		
	0,046226	0,046288	0,046226	0,046226		
	0,046734	0,046797	0,046734	0,046734		
	0,047231	0,047306	0,047231	0,047231		
	0,047741	0,047816	0,047741	0,047741		
	0,048258	0,048320	0,048258	0,048258		
	0,048781	0,048844	0,048781	0,048781		
	0,049287	0,049362	0,049287	0,049287		
	0,049805	0,049880	0,049805	0,049805		
	0,048396	0,048446	0,048396	0,048396		
	0,048890	0,048965	0,048890	0,048890		
	0,049428	0,049497	0,049428	0,049428		
	0,049948	0,050017	0,049948	0,049948		
	0,050475	0,050532	0,050475	0,050475		
	0,050997	0,051072	0,050997	0,050997		
	0,051531	0,051594	0,051531	0,051531		
	0,052067	0,052129	0,052067	0,052067		
	0,051301	0,051370	0,051301	0,051301		
	0,051837	0,051913	0,051837	0,051837		
	0,052374	0,052437	0,052374	0,052374		
	0,052905	0,052980	0,052905	0,052905		
	0,051377	0,051433	0,051377	0,051377		
	0,051908	0,051983	0,051908	0,051908		
	0,052446	0,052522	0,052446	0,052446		
	0,052998	0,053073	0,052998	0,052998		
	0,053550	0,053601	0,053550	0,053550		
	0,054097	0,054160	0,054097	0,054097		
	0,054651	0,054726	0,054651	0,054651		
	0,055199	0,055275	0,055199	0,055199		
	0,053596	0,053660	0,053596	0,053596		
	0,054145	0,054202	0,054145	0,054145		
	0,054707	0,054770	0,054707	0,054707		
	0,055263	0,055320	0,055263	0,055263		
	0,055820	0,055877	0,055820	0,055820		
	0,056378	0,056441	0,056378	0,056378		
	0,057019	0,057089	0,057019	0,057019		
	0,055342	0,055419	0,055342	0,055342		
	0,055914	0,055997	0,055914	0,055914		
	0,056480	0,056556	0,056480	0,056480		
	0,057034	0,057117	0,057034	0,057034		
	0,057621	0,057684	0,057621	0,057621		
	0,058183	0,058259	0,058183	0,058183		
	0,058758	0,058834	0,058758	0,058758		
	0,059341	0,059411	0,059341	0,059341		
	0,057614	0,057678	0,057614	0,057614		
	0,058178	0,058248	0,058178	0,058178		
	0,058762	0,058832	0,058762	0,058762		
	0,059346	0,059423	0,059346	0,059346		
	0,059932	0,060009	0,059932	0,059932		
	0,060518	0,060601	0,060518	0,060518		
	0,061118	0,061176	0,061118	0,061118		
	0,059310	0,059367	0,059310	0,059310		
	0,059897	0,059961	0,059897	0,059897		
	0,060492	0,060556	0,060492	0,060492		
	0,061087	0,061158	0,061087	0,061087		
	0,062384	0,062441	0,062384	0,062384		
	0,060533	0,060610	0,060533	0,060533		
	0,061130	0,061194	0,061130	0,061130		
	0,061721	0,061805	0,061721	0,061721		
	0,062339	0,062391	0,062339	0,062339		
	0,062933	0,063016	0,062933	0,062933		
	0,063546	0,063630	0,063546	0,063546		
	0,064161	0,064238	0,064161	0,064161		
	0,064763	0,064834	0,064763	0,064763		
	0,062847	0,062931	0,062847	0,062847		
	0,063470	0,063541	0,063470	0,063470		
	0,064086	0,064157	0,064086	0,064086		
	0,064710	0,064781	0,064710	0,064710		
	0,065322	0,065400	0,065322	0,065322		
	0,065948	0,066032	0,065948	0,065948		
	0,066575	0,066640	0,066575	0,066575		
	0,064588	0,064659	0,064588	0,064588		
	0,065209	0,065286	0,065209	0,065209		
	0,065843	0,065915	0,065843	0,065843		
	0,066466	0,066537	0,066466	0,066466		
	0,067109	0,067168	0,067109	0,067109		
	0,067825	0,067903	0,067825	0,067825		
	0,068470	0,068529	0,068470	0,068470		
	0,069110	0,069188	0,069110	0,069110		
	0,067050	0,067128	0,067050	0,067050		
	0,067690	0,067768	0,067690	0,067690		
	0,068331	0,068403	0,068331	0,068331		
	0,068973	0,069045	0,068973	0,068973		
	0,069616	0,069701	0,069616	0,069616		
	0,070280	0,070339	0,070280	0,070280		
	0,070932	0,071010	0,070932	0,070932		
	0,068818	0,068890	0,068818	0,068818		
	0,069476	0,069549	0,069476	0,069476		
	0,070123	0,070202	0,070123	0,070123		
	0,070771	0,070856	0,070771	0,070771		
	0,071446	0,071518	0,071446	0,071446		
	0,072109	0,072175	0,072109	0,072109		
	0,072779	0,072858	0,072779	0,072779		
	0,073451	0,073524	0,073451	0,073451		
	0,071243	0,071322	0,071243	0,071243		
	0,071915	0,071994	0,071915	0,071915		
	0,073387	0,073466	0,073387	0,073387		
	0,074069	0,074135	0,074069	0,074069		
	0,074758	0,074824	0,074758	0,074758		
	0,072504	0,072576	0,072504	0,072504		
	0,073173	0,073253	0,073173	0,073173		
	0,073851	0,073930	0,073851	0,073851		
	0,074543	0,074609	0,074543	0,074543		
	0,075223	0,075289	0,075223	0,075223		
	0,075917	0,075997	0,075917	0,075917		
	0,076606	0,076679	0,076606	0,076606		
	0,077309	0,077389	0,077309	0,077309		
	0,074985	0,075058	0,074985	0,074985		
	0,075695	0,075748	0,075695	0,075695		
	0,076380	0,076453	0,076380	0,076380		
	0,077086	0,077153	0,077086	0,077086		
	0,077800	0,077860	0,077800	0,077800		
	0,078489	0,078576	0,078489	0,078489		
	0,079206	0,079286	0,079206	0,079206		
	0,076811	0,076885	0,076811	0,076811		
	0,077521	0,077602	0,077521	0,077521		
	0,078340	0,078407	0,078340	0,078340		
	0,079039	0,079113	0,079039	0,079039		
	0,079767	0,079827	0,079767	0,079767		
	0,080489	0,080556	0,080489	0,080489		
	0,081220	0,081280	0,081220	0,081220		
	0,078754	0,078814	0,078754	0,078754		
	0,079471	0,079545	0,079471	0,079471		
	0,080209	0,080270	0,080209	0,080209		
	0,080922	0,080990	0,080922	0,080922		
	0,081657	0,081724	0,081657	0,081657		
	0,082400	0,082467	0,082400	0,082400		
	0,083151	0,083211	0,083151	0,083151		
	0,083903	0,083943	0,083903	0,083903		
	0,081337	0,081411	0,081337	0,081337		
	0,082076	0,082150	0,082076	0,082076		
	0,082816	0,082884	0,082816	0,082816		
	0,083571	0,083639	0,083571	0,083571		
	0,084328	0,084389	0,084328	0,084328		
	0,085066	0,085134	0,085066	0,085066		
	0,085819	0,085894	0,085819	0,085819		
	0,086600	0,086655	0,086600	0,086600		
	0,084928	0,084996	0,084928	0,084928		
	0,085677	0,085745	0,085677	0,085677		
	0,086440	0,086522	0,086440	0,086440		
	0,087205	0,087288	0,087205	0,087205		
	0,087986	0,088061	0,087986	0,087986		
	0,085308	0,085384	0,085308	0,085308		
	0,086068	0,086144	0,086068	0,086068		
	0,086843	0,086912	0,086843	0,086843		
	0,087613	0,087696	0,087613	0,087613		
	0,088385	0,088467	0,088385	0,088385		
	0,089185	0,089261	0,089185	0,089185		
	0,089974	0,090049	0,089974	0,089974		
	0,087221	0,087304	0,087221	0,087221		
	0,088002	0,088078	0,088002	0,088002		
	0,088792	0,088882	0,088792	0,088792		
	0,089584	0,089660	0,089584	0,089584		
	0,090378	0,090447	0,090378	0,090378		
	0,091159	0,091249	0,091159	0,091159		
	0,091976	0,092052	0,091976	0,091976		
	0,092774	0,092844	0,092774	0,092774		
	0,090061	0,090152	0,090061	0,090061		
	0,090867	0,090950	0,090867	0,090867		
	0,091674	0,091743	0,091674	0,091674		
	0,092476	0,092552	0,092476	0,092476		
	0,093293	0,093370	0,093293	0,093293		
	0,094105	0,094182	0,094105	0,094105		
	0,094919	0,095010	0,094919	0,094919		
	0,092032	0,092108	0,092032	0,092032		
	0,092846	0,092923	0,092846	0,092846		
	0,093654	0,093731	0,093654	0,093654		
	0,094500	0,094570	0,094500	0,094500		
	0,095326	0,095396	0,095326	0,095326		
	0,096161	0,096246	0,096161	0,096161		
	0,096984	0,097069	0,096984	0,096984		
	0,097837	0,097915	0,097837	0,097837		
	0,094847	0,094939	0,094847	0,094847		
	0,095679	0,095764	0,095679	0,095679		
	0,096527	0,096604	0,096527	0,096527		
	0,097355	0,097447	0,097355	0,097355		
	0,098214	0,098292	0,098214	0,098214		
	0,099421	0,099478	0,099421	0,099421		
	0,096353	0,096424	0,096353	0,096353		
	0,097214	0,097284	0,097214	0,097214		
	0,098069	0,098126	0,098069	0,098069		
	0,098920	0,098998	0,098920	0,098920		
	0,099793	0,099843	0,099793	0,099793		
	0,100655	0,100719	0,100655	0,100655		
	0,101518	0,101582	0,101518	0,101518		
	0,102391	0,102469	0,102391	0,102391		
	0,099267	0,099317	0,099267	0,099267		
	0,100125	0,100197	0,100125	0,100125		
	0,101014	0,101071	0,101014	0,101014		
	0,101883	0,101948	0,101883	0,101883		
	0,102776	0,102833	0,102776	0,102776		
	0,103642	0,103721	0,103642	0,103642		
	0,104546	0,104597	0,104546	0,104546		
	0,105431	0,105503	0,105431	0,105431		
	0,102193	0,102273	0,102193	0,102193		
	0,103092	0,103157	0,103092	0,103092		
	0,103979	0,104058	0,103979	0,103979		
	0,105020	0,105092	0,105020	0,105020		
	0,105932	0,105997	0,105932	0,105932		
	0,106847	0,106905	0,106847	0,106847		
	0,107750	0,107808	0,107750	0,107750		
	0,104427	0,104500	0,104427	0,104427		
	0,105359	0,105417	0,105359	0,105359		
	0,106263	0,106336	0,106263	0,106263		
	0,107177	0,107250	0,107177	0,107177		
	0,108094	0,108167	0,108094	0,108094		
	0,109012	0,109085	0,109012	0,109012		
	0,109948	0,110021	0,109948	0,109948		
	0,106575	0,106641	0,106575	0,106575		
	0,107517	0,107569	0,107517	0,107517		
	0,108433	0,108492	0,108433	0,108433		
	0,109366	0,109424	0,109366	0,109366		
	0,110301	0,110352	0,110301	0,110301		
	0,111245	0,111297	0,111245	0,111245		
	0,112192	0,112251	0,112192	0,112192		
	0,113134	0,113193	0,113134	0,113134		
	0,109671	0,109722	0,109671	0,109671		
	0,111845	0,111926	0,111845	0,111845		
	0,112805	0,112886	0,112805	0,112805		
	0,113760	0,113849	0,113760	0,113760		
	0,114740	0,114792	0,114740	0,114740		
	0,111201	0,111275	0,111201	0,111201		
	0,112151	0,112233	0,112151	0,112151		
	0,113111	0,113193	0,113111	0,113111		
	0,114073	0,114163	0,114073	0,114073		
	0,115068	0,115135	0,115068	0,115068		
	0,116028	0,116110	0,116028	0,116028		
	0,117020	0,117102	0,117020	0,117020		
	0,118023	0,118097	0,118023	0,118023		
	0,114397	0,114479	0,114397	0,114397		
	0,115369	0,115444	0,115369	0,115369		
	0,116359	0,116419	0,116359	0,116359		
	0,117359	0,117434	0,117359	0,117359		
	0,118354	0,118429	0,118354	0,118354		
	0,119359	0,119427	0,119359	0,119359		
	0,120359	0,120427	0,120359	0,120359		
	0,116640	0,116716	0,116640	0,116640		
	0,117648	0,117723	0,117648	0,117648		
	0,118809	0,118885	0,118809	0,118809		
	0,119830	0,119898	0,119830	0,119830		
	0,120846	0,120899	0,120846	0,120846		
	0,121856	0,121925	0,121856	0,121856		
	0,122885	0,122954	0,122885	0,122885		
	0,119087	0,119155	0,119087	0,119087		
	0,120123	0,120176	0,120123	0,120123		
	0,121132	0,121200	0,121132	0,121132		
	0,122166	0,122227	0,122166	0,122166		
	0,123195	0,123264	0,123195	0,123195		
	0,124250	0,124319	0,124250	0,124250		
	0,125293	0,125347	0,125293	0,125293		
	0,126339	0,126423	0,126339	0,126339		
	0,122440	0,122524	0,122440	0,122440		
	0,123501	0,123562	0,123501	0,123501		
	0,124549	0,124618	0,124549	0,124549		
	0,125592	0,125669	0,125592	0,125592		
	0,126669	0,126747	0,126669	0,126669		
	0,127711	0,127788	0,127711	0,127711		
	0,128802	0,128872	0,128802	0,128802		
	0,126230	0,126284	0,126230	0,126230		
	0,127299	0,127354	0,127299	0,127299		
	0,128379	0,128434	0,128379	0,128379		
	0,129447	0,129509	0,129447	0,129447		
	0,130548	0,130603	0,130548	0,130548		
	0,131630	0,131685	0,131630	0,131630		
	0,127568	0,127638	0,127568	0,127568		
	0,128649	0,128719	0,128649	0,128649		
	0,129741	0,129811	0,129741	0,129741		
	0,130844	0,130899	0,130844	0,130844		
	0,131942	0,132020	0,131942	0,131942		
	0,133075	0,133122	0,133075	0,133075		
	0,134180	0,134243	0,134180	0,134180		
	0,130015	0,130093	0,130015	0,130015		
	0,131135	0,131198	0,131135	0,131135		
	0,132250	0,132305	0,132250	0,132250		
	0,133361	0,133424	0,133361	0,133361		
	0,134483	0,134554	0,134483	0,134483		
	0,135608	0,135680	0,135608	0,135608		
	0,136753	0,136817	0,136753	0,136753		
	0,138076	0,138140	0,138076	0,138076		
	0,133818	0,133882	0,133818	0,133818		
	0,134950	0,135022	0,134950	0,134950		
	0,136085	0,136149	0,136085	0,136085		
	0,137224	0,137296	0,137224	0,137224		
	0,138382	0,138446	0,138382	0,138382		
	0,139544	0,139608	0,139544	0,139544		
	0,140693	0,140773	0,140693	0,140693		
	0,136360	0,136424	0,136360	0,136360		
	0,137524	0,137581	0,137524	0,137524		
	0,138685	0,138749	0,138685	0,138685		
	0,139873	0,139953	0,139873	0,139873		
	0,141032	0,141121	0,141032	0,141032		
	0,142211	0,142300	0,142211	0,142211		
	0,143394	0,143491	0,143394	0,143394		
	0,144597	0,144686	0,144597	0,144597		
	0,140133	0,140222	0,140133	0,140133		
	0,141319	0,141417	0,141319	0,141319		
	0,142517	0,142598	0,142517	0,142517		
	0,143718	0,143800	0,143718	0,143718		
	0,144924	0,144997	0,144924	0,144924		
	0,142011	0,142077	0,142011	0,142011		
	0,143227	0,143292	0,143227	0,143227		
	0,144421	0,144503	0,144421	0,144421		
	0,145644	0,145718	0,145644	0,145644		
	0,146879	0,146937	0,146879	0,146879		
	0,148102	0,148152	0,148102	0,148102		
	0,149337	0,149403	0,149337	0,149337		
	0,150567	0,150634	0,150567	0,150567		
	0,145932	0,145990	0,145932	0,145932		
	0,147162	0,147229	0,147162	0,147162		
	0,148429	0,148496	0,148429	0,148429		
	0,149676	0,149734	0,149676	0,149676		
	0,150926	0,150993	0,150926	0,150926		
	0,152197	0,152256	0,152197	0,152197		
	0,153448	0,153531	0,153448	0,153448		
	0,148712	0,148770	0,148712	0,148712		
	0,149953	0,150028	0,149953	0,149953		
	0,151232	0,151307	0,151232	0,151232		
	0,152490	0,152565	0,152490	0,152490		
	0,153777	0,153844	0,153777	0,153777		
	0,152165	0,152241	0,152165	0,152165		
	0,153659	0,153735	0,153659	0,153659		
	0,154938	0,155023	0,154938	0,154938		
	0,156231	0,156324	0,156231	0,156231		
	0,157544	0,157629	0,157544	0,157544		
	0,158845	0,158947	0,158845	0,158845		
	0,153947	0,154032	0,153947	0,153947		
	0,155239	0,155341	0,155239	0,155239		
	0,156552	0,156654	0,156552	0,156552		
	0,157878	0,157963	0,157878	0,157878		
	0,159192	0,159277	0,159192	0,159192		
	0,160544	0,160639	0,160544	0,160544		
	0,161884	0,161979	0,161884	0,161884		
	0,156870	0,156973	0,156870	0,156870		
	0,158192	0,158304	0,158192	0,158192		
	0,159527	0,159631	0,159527	0,159527		
	0,160858	0,160971	0,160858	0,160858		
	0,162220	0,162307	0,162220	0,162220		
	0,163578	0,163674	0,163578	0,163578		
	0,164941	0,165046	0,164941	0,164941		
	0,166326	0,166431	0,166326	0,166326		
	0,163038	0,163134	0,163038	0,163038		
	0,164416	0,164504	0,164416	0,164416		
	0,165791	0,165879	0,165791	0,165791		
	0,167180	0,167258	0,167180	0,167180		
	0,168573	0,168670	0,168573	0,168573		
	0,163344	0,163441	0,163344	0,163344		
	0,164737	0,164834	0,164737	0,164737		
	0,166143	0,166231	0,166143	0,166143		
	0,167528	0,167616	0,167528	0,167528		
	0,168936	0,169042	0,168936	0,168936		
	0,170349	0,170464	0,170349	0,170349		
	0,171785	0,171900	0,171785	0,171785		
	0,173208	0,173324	0,173208	0,173208		
	0,167875	0,167982	0,167875	0,167875		
	0,169297	0,169404	0,169297	0,169297		
	0,170733	0,170850	0,170733	0,170733		
	0,172184	0,172283	0,172184	0,172184		
	0,173632	0,173722	0,173632	0,173632		
	0,175075	0,175156	0,175075	0,175075		
	0,176543	0,176642	0,176543	0,176543		
	0,171072	0,171162	0,171072	0,171072		
	0,172764	0,172864	0,172764	0,172764		
	0,174236	0,174336	0,174236	0,174236		
	0,175705	0,175805	0,175705	0,175705		
	0,177170	0,177288	0,177170	0,177170		
	0,178659	0,178777	0,178659	0,178659		
	0,180163	0,180281	0,180163	0,180163		
	0,181654	0,181782	0,181654	0,181654		
	0,176072	0,176173	0,176072	0,176072		
	0,177553	0,177672	0,177553	0,177553		
	0,179067	0,179168	0,179067	0,179067		
	0,180597	0,180707	0,180597	0,180597		
	0,182114	0,182224	0,182114	0,182114		
	0,183636	0,183757	0,183636	0,183636		
	0,185175	0,185286	0,185175	0,185175		
	0,179457	0,179586	0,179457	0,179457		
	0,180993	0,181096	0,180993	0,180993		
	0,182536	0,182639	0,182536	0,182536		
	0,184076	0,184188	0,184076	0,184076		
	0,185632	0,185744	0,185632	0,185632		
	0,187202	0,187296	0,187202	0,187202		
	0,183425	0,183537	0,183425	0,183425		
	0,184989	0,185111	0,184989	0,184989		
	0,186550	0,186663	0,186550	0,186550		
	0,188136	0,188249	0,188136	0,188136		
	0,189728	0,189823	0,189728	0,189728		
	0,191318	0,191422	0,191318	0,191318		
	0,192923	0,193037	0,192923	0,192923		
	0,186981	0,187085	0,186981	0,186981		
	0,188576	0,188680	0,188576	0,188576		
	0,190177	0,190282	0,190177	0,190177		
	0,191813	0,191918	0,191813	0,191813		
	0,193437	0,193533	0,193437	0,193437		
	0,195068	0,195174	0,195068	0,195068		
	0,196716	0,196812	0,196716	0,196716		
	0,198360	0,198476	0,198360	0,198360		
	0,192262	0,192369	0,192262	0,192262		
	0,193896	0,194012	0,193896	0,193896		
	0,195565	0,195672	0,195565	0,195565		
	0,197213	0,197329	0,197213	0,197213		
	0,198896	0,198993	0,198896	0,198896		
	0,200830	0,200938	0,200830	0,200830		
	0,202548	0,202636	0,202548	0,202548		
	0,196299	0,196407	0,196299	0,196299		
	0,197976	0,198074	0,197976	0,197976		
	0,199681	0,199789	0,199681	0,199681		
	0,201363	0,201461	0,201363	0,201363		
	0,203081	0,203190	0,203081	0,203081		
	0,204788	0,204897	0,204788	0,204788		
	0,206532	0,206651	0,206532	0,206532		
	0,200155	0,200274	0,200155	0,200155		
	0,201908	0,202017	0,201908	0,201908		
	0,203648	0,203767	0,203648	0,203648		
	0,205405	0,205515	0,205405	0,205405		
	0,207141	0,207251	0,207141	0,207141		
	0,208914	0,209014	0,208914	0,208914		
	0,210695	0,210805	0,210695	0,210695		
	0,212453	0,212564	0,212453	0,212453		
	0,205927	0,206037	0,205927	0,205927		
	0,207704	0,207805	0,207704	0,207704		
	0,209489	0,209590	0,209489	0,209489		
	0,211303	0,211384	0,211303	0,211303		
	0,215485	0,215587	0,215485	0,215485		
	0,208826	0,208939	0,208826	0,208826		
	0,210642	0,210744	0,210642	0,210642		
	0,212444	0,212547	0,212444	0,212444		
	0,214276	0,214389	0,214276	0,214276		
	0,216116	0,216229	0,216116	0,216116		
	0,217975	0,218078	0,217975	0,217975		
	0,219832	0,219946	0,219832	0,219832		
	0,221698	0,221811	0,221698	0,221698		
	0,214899	0,215003	0,214899	0,214899		
	0,216794	0,216878	0,216794	0,216794		
	0,218667	0,218751	0,218667	0,218667		
	0,220538	0,220632	0,220538	0,220538		
	0,222439	0,222533	0,222439	0,222439		
	0,224328	0,224433	0,224328	0,224328		
	0,226247	0,226352	0,226247	0,226247		
	0,219293	0,219398	0,219293	0,219293		
	0,221210	0,221295	0,221210	0,221210		
	0,223126	0,223232	0,223126	0,223126		
	0,225062	0,225146	0,225062	0,225062		
	0,227315	0,227421	0,227315	0,227315		
	0,229248	0,229355	0,229248	0,229248		
	0,231213	0,231330	0,231213	0,231213		
	0,233197	0,233315	0,233197	0,233197		
	0,226061	0,226190	0,226061	0,226061		
	0,228044	0,228152	0,228044	0,228044		
	0,230004	0,230101	0,230004	0,230004		
	0,232028	0,232115	0,232028	0,232028		
	0,234030	0,234116	0,234030	0,234030		
	0,236030	0,236150	0,236030	0,236030		
	0,238073	0,238204	0,238073	0,238073		
	0,230781	0,230923	0,230781	0,230781		
	0,232811	0,232943	0,232811	0,232811		
	0,234841	0,234951	0,234841	0,234841		
	0,236892	0,237024	0,236892	0,236892		
	0,238953	0,239063	0,238953	0,238953		
	0,241013	0,241157	0,241013	0,241013		
	0,243095	0,243217	0,243095	0,243095		
	0,245199	0,245332	0,245199	0,245199		
	0,237722	0,237844	0,237722	0,237722		
	0,240681	0,240793	0,240681	0,240681		
	0,242796	0,242908	0,242796	0,242796		
	0,244922	0,245034	0,244922	0,244922		
	0,247036	0,247148	0,247036	0,247036		
	0,249172	0,249296	0,249172	0,249172		
	0,241530	0,241654	0,241530	0,241530		
	0,243665	0,243789	0,243665	0,243665		
	0,245833	0,245924	0,245833	0,245833		
	0,247990	0,248104	0,247990	0,247990		
	0,250147	0,250284	0,250147	0,250147		
	0,252384	0,252521	0,252384	0,252384		
	0,254587	0,254713	0,254587	0,254587		
	0,256801	0,256928	0,256801	0,256801		
	0,248972	0,249087	0,248972	0,248972		
	0,251173	0,251300	0,251173	0,251173		
	0,253386	0,253502	0,253386	0,253386		
	0,255623	0,255750	0,255623	0,255623		
	0,257871	0,257999	0,257871	0,257871		
	0,260132	0,260260	0,260132	0,260132		
	0,262405	0,262545	0,262405	0,262405		
	0,254769	0,254863	0,254769	0,254769		
	0,257029	0,257112	0,257029	0,257029		
	0,259326	0,259408	0,259326	0,259326		
	0,261623	0,261706	0,261623	0,261623		
	0,263945	0,264052	0,263945	0,263945		
	0,266268	0,266363	0,266268	0,266268		
	0,268615	0,268699	0,268615	0,268615		
	0,270970	0,271054	0,270970	0,270970		
	0,262751	0,262805	0,262751	0,262751		
	0,265098	0,265158	0,265098	0,265098		
	0,267488	0,267560	0,267488	0,267488		
	0,269880	0,269952	0,269880	0,269880		
	0,272273	0,272339	0,272273	0,272273		
	0,274686	0,274759	0,274686	0,274686		
	0,277119	0,277179	0,277119	0,277119		
	0,268684	0,268739	0,268684	0,268684		
	0,271097	0,271170	0,271097	0,271097		
	0,273536	0,273603	0,273536	0,273536		
	0,275995	0,276069	0,275995	0,275995		
	0,278456	0,278524	0,278456	0,278456		
	0,273008	0,273082	0,273008	0,273008		
	0,275488	0,275550	0,275488	0,275488		
	0,277958	0,278045	0,277958	0,277958		
	0,280473	0,280548	0,280473	0,280473		
	0,283010	0,283079	0,283010	0,283010		
	0,285549	0,285612	0,285549	0,285549		
	0,288097	0,288167	0,288097	0,288097		
	0,290680	0,290743	0,290680	0,290680		
	0,281847	0,281916	0,281847	0,281847		
	0,284415	0,284485	0,284415	0,284415		
	0,287004	0,287074	0,287004	0,287004		
	0,289642	0,289725	0,289642	0,289642		
	0,292250	0,292340	0,292250	0,292250		
	0,294894	0,294964	0,294894	0,294894		
	0,297541	0,297631	0,297541	0,297541		
	0,300224	0,300301	0,300224	0,300224		
	0,291145	0,291229	0,291145	0,291145		
	0,293813	0,293904	0,293813	0,293813		
	0,296491	0,296576	0,296491	0,296491		
	0,299199	0,299278	0,299199	0,299199		
	0,301917	0,302003	0,301917	0,301917		
	0,305086	0,305152	0,305086	0,305086		
	0,307853	0,307913	0,307853	0,307853		
	0,298558	0,298624	0,298558	0,298558		
	0,301303	0,301370	0,301303	0,301303		
	0,304073	0,304140	0,304073	0,304073		
	0,306874	0,306934	0,306874	0,306874		
	0,309679	0,309740	0,309679	0,309679		
	0,312510	0,312583	0,312510	0,312510		
	0,315358	0,315425	0,315358	0,315358		
	0,305835	0,305895	0,305835	0,305835		
	0,308722	0,308797	0,308722	0,308722		
	0,311588	0,311656	0,311588	0,311588		
	0,314472	0,314540	0,314472	0,314472		
	0,317362	0,317437	0,317362	0,317362		
	0,320292	0,320374	0,320292	0,320292		
	0,323247	0,323323	0,323247	0,323247		
	0,326209	0,326292	0,326209	0,326209		
	0,316413	0,316489	0,316413	0,316413		
	0,319380	0,319443	0,319380	0,319380		
	0,322360	0,322430	0,322360	0,322360		
	0,328969	0,329039	0,328969	0,328969		
	0,332002	0,332079	0,332002	0,332002		
	0,322033	0,322089	0,322033	0,322033		
	0,325043	0,325128	0,325043	0,325043		
	0,328095	0,328173	0,328095	0,328095		
	0,331189	0,331253	0,331189	0,331189		
	0,334276	0,334362	0,334276	0,334276		
	0,337414	0,337492	0,337414	0,337414		
	0,340566	0,340637	0,340566	0,340566		
	0,343732	0,343805	0,343732	0,343732		
	0,333504	0,333583	0,333504	0,333504		
	0,336677	0,336750	0,336677	0,336677		
	0,339858	0,339938	0,339858	0,339858		
	0,343091	0,343142	0,343091	0,343091		
	0,346318	0,346384	0,346318	0,346318		
	0,349590	0,349656	0,349590	0,349590		
	0,352886	0,352945	0,352886	0,352886		
	0,342312	0,342386	0,342312	0,342312		
	0,345592	0,345666	0,345592	0,345592		
	0,348896	0,348963	0,348896	0,348896		
	0,352718	0,352800	0,352718	0,352718		
	0,356087	0,356169	0,356087	0,356087		
	0,359473	0,359556	0,359473	0,359473		
	0,362892	0,362960	0,362892	0,362892		
	0,366329	0,366413	0,366329	0,366329		
	0,355453	0,355545	0,355453	0,355453		
	0,358882	0,358958	0,358882	0,358882		
	0,362360	0,362429	0,362360	0,362360		
	0,365841	0,365918	0,365841	0,365841		
	0,369356	0,369441	0,369356	0,369356		
	0,372897	0,372990	0,372897	0,372897		
	0,376536	0,376614	0,376536	0,376536		
	0,365375	0,365422	0,365375	0,365375		
	0,368921	0,368999	0,368921	0,368921		
	0,372533	0,372612	0,372533	0,372533		
	0,376142	0,376229	0,376142	0,376142		
	0,379811	0,379906	0,379811	0,379811		
	0,383501	0,383572	0,383501	0,383501		
	0,387220	0,387308	0,387220	0,387220		
	0,390968	0,391056	0,390968	0,390968		
	0,379421	0,379518	0,379421	0,379421		
	0,387554	0,387635	0,387554	0,387554		
	0,391358	0,391431	0,391358	0,391358		
	0,395193	0,395266	0,395193	0,395193		
	0,399050	0,399132	0,399050	0,399050		
	0,387264	0,387354	0,387264	0,387264		
	0,391139	0,391221	0,391139	0,391139		
	0,395004	0,395095	0,395004	0,395004		
	0,398935	0,399026	0,398935	0,398935		
	0,402889	0,402973	0,402889	0,402889		
	0,406885	0,406969	0,406885	0,406885		
	0,410990	0,411057	0,410990	0,410990		
	0,398856	0,398957	0,398856	0,398856		
	0,402887	0,402972	0,402887	0,402887		
	0,406935	0,407037	0,406935	0,406935		
	0,411034	0,411129	0,411034	0,411034		
	0,415169	0,415255	0,415169	0,415169		
	0,419330	0,419425	0,419330	0,419330		
	0,423527	0,423623	0,423527	0,423527		
	0,427769	0,427856	0,427769	0,427769		
	0,415261	0,415349	0,415261	0,415261		
	0,420085	0,420182	0,420085	0,420085		
	0,424370	0,424449	0,424370	0,424370		
	0,428683	0,428772	0,428683	0,428683		
	0,433044	0,433124	0,433044	0,433044		
	0,437425	0,437532	0,437425	0,437425		
	0,441891	0,441989	0,441891	0,441891		
	0,428980	0,429088	0,428980	0,428980		
	0,433431	0,433531	0,433431	0,433431		
	0,437896	0,437996	0,437896	0,437896		
	0,442428	0,442520	0,442428	0,442428		
	0,447048	0,447140	0,447048	0,447048		
	0,451655	0,451756	0,451655	0,451655		
	0,456305	0,456397	0,456305	0,456305		
	0,461007	0,461100	0,461007	0,461007		
	0,447648	0,447750	0,447648	0,447648		
	0,452336	0,452440	0,452336	0,452336		
	0,457098	0,457192	0,457098	0,457098		
	0,461885	0,461980	0,461885	0,461885		
	0,473378	0,473492	0,473378	0,473378		
	0,459752	0,459866	0,459752	0,459752		
	0,464632	0,464737	0,464632	0,464632		
	0,469539	0,469636	0,469539	0,469539		
	0,474505	0,474601	0,474505	0,474505		
	0,479518	0,479625	0,479518	0,479518		
	0,484591	0,484688	0,484591	0,484591		
	0,489772	0,489880	0,489772	0,489772		
	0,475673	0,475801	0,475673	0,475673		
	0,480804	0,480914	0,480804	0,480804		
	0,485977	0,486087	0,485977	0,485977		
	0,491212	0,491312	0,491212	0,491212		
	0,496499	0,496590	0,496499	0,496499		
	0,501841	0,501932	0,501841	0,501841		
	0,507237	0,507328	0,507237	0,507237		
	0,512657	0,512770	0,512657	0,512657		
	0,498063	0,498176	0,498063	0,498063		
	0,504206	0,504320	0,504206	0,504206		
	0,509740	0,509844	0,509740	0,509740		
	0,515321	0,515415	0,515321	0,515321		
	0,520950	0,521066	0,520950	0,520950		
	0,526640	0,526756	0,526640	0,526640		
	0,532400	0,532506	0,532400	0,532400		
	0,517297	0,517414	0,517297	0,517297		
	0,523071	0,523168	0,523071	0,523071		
	0,528887	0,529005	0,528887	0,528887		
	0,534777	0,534907	0,534777	0,534777		
	0,540743	0,540862	0,540743	0,540743		
	0,546840	0,546949	0,546840	0,546840		
	0,552938	0,553048	0,552938	0,552938		
	0,537323	0,537444	0,537323	0,537323		
	0,543439	0,543516	0,543439	0,543439		
	0,549601	0,549713	0,549601	0,549601		
	0,555857	0,555969	0,555857	0,555857		
	0,562183	0,562285	0,562183	0,562183		
	0,568549	0,568662	0,568549	0,568549		
	0,575045	0,575136	0,575045	0,575045		
	0,581582	0,581674	0,581582	0,581582		
	0,571840	0,571955	0,571840	0,571840		
	0,578437	0,578553	0,578437	0,578437		
	0,585112	0,585240	0,585112	0,585112		
	0,591878	0,591996	0,591878	0,591878		
	0,598725	0,598832	0,598725	0,598725		
	0,582079	0,582174	0,582079	0,582079		
	0,588923	0,589030	0,588923	0,588923		
	0,595892	0,595958	0,595892	0,595892		
	0,602917	0,602989	0,602917	0,602917		
	0,610046	0,610101	0,610046	0,610046		
	0,617351	0,617431	0,617351	0,617351		
	0,624642	0,624722	0,624642	0,624642		
	0,632031	0,632106	0,632031	0,632031		
	0,614693	0,614755	0,614693	0,614693		
	0,622096	0,622165	0,622096	0,622096		
	0,629633	0,629702	0,629633	0,629633		
	0,637248	0,637312	0,637248	0,637248		
	0,644969	0,645013	0,644969	0,644969		
	0,652758	0,652836	0,652758	0,652758		
	0,660690	0,660755	0,660690	0,660690		
	0,643592	0,643670	0,643592	0,643592		
	0,651558	0,651617	0,651558	0,651558		
	0,659617	0,659703	0,659617	0,659617		
	0,667793	0,667873	0,667793	0,667793		
	0,676093	0,676160	0,676093	0,676093		
	0,684488	0,684576	0,684488	0,684488		
	0,693019	0,693101	0,693019	0,693019		
	0,674305	0,674374	0,674305	0,674305		
	0,682853	0,682936	0,682853	0,682853		
	0,691542	0,691633	0,691542	0,691542		
	0,700475	0,700565	0,700475	0,700475		
	0,709415	0,709500	0,709415	0,709415		
	0,718478	0,718570	0,718478	0,718478		
	0,727687	0,727780	0,727687	0,727687		
	0,737031	0,737117	0,737031	0,737031		
	0,717488	0,717568	0,717488	0,717488		
	0,726891	0,726964	0,726891	0,726891		
	0,736420	0,736501	0,736420	0,736420		
	0,746108	0,746189	0,746108	0,746108		
	0,755944	0,756011	0,755944	0,755944		
	0,744169	0,744237	0,744169	0,744169		
	0,754121	0,754204	0,754121	0,754121		
	0,764259	0,764320	0,764259	0,764259		
	0,774533	0,774610	0,774533	0,774533		
	0,784986	0,785063	0,784986	0,784986		
	0,795605	0,795691	0,795605	0,795605		
	0,806388	0,806475	0,806388	0,806388		
	0,817362	0,817441	0,817362	0,817362		
	0,796271	0,796359	0,796271	0,796271		
	0,807329	0,807418	0,807329	0,807329		
	0,818571	0,818653	0,818571	0,818571		
	0,830117	0,830207	0,830117	0,830117		
	0,841751	0,841833	0,841751	0,841751		
	0,853575	0,853666	0,853575	0,853575		
	0,865594	0,865678	0,865594	0,865594		
	0,843595	0,843697	0,843595	0,843595		
	0,855749	0,855834	0,855749	0,855749		
	0,868109	0,868212	0,868109	0,868109		
	0,880689	0,880785	0,880689	0,880689		
	0,893488	0,893584	0,893488	0,893488		
	0,906536	0,906634	0,906536	0,906536		
	0,921105	0,921194	0,921105	0,921105		
	0,934632	0,934723	0,934632	0,934632		
	0,911579	0,911670	0,911579	0,911579		
	0,925284	0,925376	0,925284	0,925284		
	0,939250	0,939315	0,939250	0,939250		
	0,953475	0,953550	0,953475	0,953475		
	0,967986	0,968071	0,967986	0,967986		
	0,982762	0,982857	0,982762	0,982762		
	0,997859	0,997937	0,997859	0,997859		
	0,973762	0,973850	0,973762	0,973762		
	0,989214	0,989323	0,989214	0,989214		
	1,004803	1,004902	1,004803	1,004803		
	1,020743	1,020833	1,020743	1,020743		
	1,037005	1,037107	1,037005	1,037005		
	1,053609	1,053702	1,053609	1,053609		
	1,070577	1,070670	1,070577	1,070577		
	1,087878	1,087983	1,087878	1,087878		
	1,062619	1,062714	1,062619	1,062619		
	1,080227	1,080323	1,080227	1,080227		
	1,098226	1,098313	1,098226	1,098226		
	1,129275	1,129374	1,129275	1,129275		
	1,148252	1,148351	1,148252	1,148252		
	1,122163	1,122275	1,122163	1,122163		
	1,141489	1,141603	1,141489	1,141489		
	1,161259	1,161374	1,161259	1,161259		
	1,181511	1,181627	1,181511	1,181511		
	1,202251	1,202322	1,202251	1,202251		
	1,223486	1,223581	1,223486	1,223486		
	1,245245	1,245341	1,245245	1,245245		
	1,267535	1,267614	1,267535	1,267535		
	1,240518	1,240573	1,240518	1,240518		
	1,263323	1,263391	1,263323	1,263323		
	1,286701	1,286771	1,286701	1,286701		
	1,310721	1,310778	1,310721	1,310721		
	1,335368	1,335426	1,335368	1,335368		
	1,360714	1,360774	1,360714	1,360714		
	1,386715	1,386769	1,386715	1,386715		
	1,358430	1,358477	1,358430	1,358430		
	1,385135	1,385176	1,385135	1,385135		
	1,412582	1,412645	1,412582	1,412582		
	1,442863	1,442941	1,442863	1,442863		
	1,472003	1,472060	1,472003	1,472003		
	1,501984	1,502057	1,501984	1,501984		
	1,532881	1,532955	1,532881	1,532881		
	1,503737	1,503804	1,503737	1,503737		
	1,535600	1,535684	1,535600	1,535600		
	1,568530	1,568599	1,568530	1,568530		
	1,602467	1,602553	1,602467	1,602467		
	1,637533	1,637613	1,637533	1,637533		
	1,673777	1,673850	1,673777	1,673777		
	1,711225	1,711316	1,711225	1,711225		
	1,750292	1,750368	1,750292	1,750292		
	1,720794	1,720863	1,720794	1,720794		
	1,761075	1,761162	1,761075	1,761075		
	1,802831	1,802919	1,802831	1,802831		
	1,846143	1,846223	1,846143	1,846143		
	1,891126	1,891208	1,891126	1,891126		
	1,937783	1,937868	1,937783	1,937783		
	1,986281	1,986358	1,986281	1,986281		
	1,957307	1,957395	1,957307	1,957307		
	2,015798	2,015887	2,015798	2,015798		
	2,068937	2,069028	2,068937	2,068937		
	2,124339	2,124442	2,124339	2,124339		
	2,182149	2,182234	2,182149	2,182149		
	2,242520	2,242617	2,242520	2,242520		
	2,305679	2,305779	2,305679	2,305679		
	2,279348	2,279472	2,279348	2,279348		
	2,346351	2,346455	2,346351	2,346351		
	2,416600	2,416707	2,416600	2,416600		
	2,490338	2,490471	2,490338	2,490338		
	2,568375	2,568438	2,568375	2,568375		
	2,650010	2,650074	2,650010	2,650010		
	2,736058	2,736124	2,736058	2,736058		
	2,826868	2,826949	2,826868	2,826868		
	2,809327	2,809403	2,809327	2,809327		
	2,907690	2,907768	2,907690	2,907690		
	3,011949	3,012037	3,011949	3,011949		
	3,122734	3,122817	3,122734	3,122734		
	3,240676	3,240746	3,240676	3,240676		
	3,366442	3,366531	3,366442	3,366442		
	3,505775	3,505867	3,505775	3,505775		
	3,507997	3,508092	3,507997	3,507997		
	3,657647	3,657737	3,657647	3,657647		
	3,818801	3,818885	3,818801	3,818801		
	3,992830	3,992927	3,992830	3,992830		
	4,181364	4,181466	4,181364	4,181364		
	4,386390	4,386496	4,386390	4,386390		
	4,609925	4,610013	4,609925	4,609925		
	4,854764	4,854879	4,854764	4,854764		
	4,925223	4,925321	4,925223	4,925223		
	5,212427	5,212490	5,212427	5,212427		
	5,532482	5,532529	5,532482	5,532482		
	5,889137	5,889215	5,889137	5,889137		
	6,290408	6,290477	6,290408	6,290408		
	6,745147	6,745203	6,745147	6,745147		
	7,264844	7,264922	7,264844	7,264844		
	7,558618	7,558702	7,558618	7,558618		
	8,232684	8,232776	8,232684	8,232684		
	9,029337	9,029414	9,029337	9,029337		
	9,985236	9,985345	9,985236	9,985236		
	11,153618	11,153679	11,153618	11,153618		
	12,258661	12,258744	12,258661	12,258661		
	14,085543	14,085621	14,085543	14,085543		
	16,521399	16,521481	16,521399	16,521399		
	19,931501	19,931599	19,931501	19,931501		
	25,046665	25,046719	25,046665	25,046665		
	33,572552	33,572624	33,572552	33,572552		
	50,623196	50,623257	50,623196	50,623196		
	101,775238	101,775322	101,775238	101,775238		
	Inf	Inf	Inf	Inf		
	NaN	NaN	NaN	NaN		
