<?xml version="1.0" encoding="UTF-8"?>
<GenRun Id="synth_1" LaunchPart="xc7a100tcsg324-1" LaunchTime="1475032047">
  <File Type="PA-TCL" Name="FPU_PIPELINED_FPADDSUB.tcl"/>
  <File Type="RDS-RDS" Name="FPU_PIPELINED_FPADDSUB.vds"/>
  <File Type="VDS-TIMINGSUMMARY" Name="FPU_PIPELINED_FPADDSUB_timing_summary_synth.rpt"/>
  <File Type="VDS-TIMING-PB" Name="FPU_PIPELINED_FPADDSUB_timing_summary_synth.pb"/>
  <File Type="RDS-DCP" Name="FPU_PIPELINED_FPADDSUB.dcp"/>
  <File Type="RDS-UTIL-PB" Name="FPU_PIPELINED_FPADDSUB_utilization_synth.pb"/>
  <File Type="RDS-UTIL" Name="FPU_PIPELINED_FPADDSUB_utilization_synth.rpt"/>
  <File Type="RDS-PROPCONSTRS" Name="FPU_PIPELINED_FPADDSUB_drc_synth.rpt"/>
  <FileSet Name="sources" Type="DesignSrcs" RelSrcDir="$PSRCDIR/sources_1">
    <Filter Type="Srcs"/>
    <File Path="$PSRCDIR/sources_1/imports/Karatsuba_FPU/Pipeline_FPADD_sourcefiles/FSM_input_enable.v">
      <FileInfo>
        <Attr Name="ImportPath" Val="$PPRDIR/../../../../Documents/Karatsuba_FPU/Pipeline_FPADD_sourcefiles/FSM_input_enable.v"/>
        <Attr Name="ImportTime" Val="1474861060"/>
        <Attr Name="UsedIn" Val="synthesis"/>
        <Attr Name="UsedIn" Val="implementation"/>
        <Attr Name="UsedIn" Val="simulation"/>
      </FileInfo>
    </File>
    <File Path="$PSRCDIR/sources_1/imports/Pipeline_FPADD_sourcefiles/shift_reg.v">
      <FileInfo>
        <Attr Name="ImportPath" Val="$PPRDIR/../../../../Documents/Karatsuba_FPU/Pipeline_FPADD_sourcefiles/shift_reg.v"/>
        <Attr Name="ImportTime" Val="1474784785"/>
        <Attr Name="UsedIn" Val="synthesis"/>
        <Attr Name="UsedIn" Val="implementation"/>
        <Attr Name="UsedIn" Val="simulation"/>
      </FileInfo>
    </File>
    <File Path="$PSRCDIR/sources_1/imports/Proyecto_De_Graduacion/FPU_FLM/RTL/Add-Subt/RegisterAdd.v">
      <FileInfo>
        <Attr Name="ImportPath" Val="$PPRDIR/../../../../media/francis/Acer/Users/Francis/Documents/GitHub/Proyecto_De_Graduacion/FPU_FLM/RTL/Add-Subt/RegisterAdd.v"/>
        <Attr Name="ImportTime" Val="1457912815"/>
        <Attr Name="UsedIn" Val="synthesis"/>
        <Attr Name="UsedIn" Val="implementation"/>
        <Attr Name="UsedIn" Val="simulation"/>
      </FileInfo>
    </File>
    <File Path="$PSRCDIR/sources_1/imports/Proyecto_De_Graduacion/FPU_FLM/RTL/Add-Subt/Comparator.v">
      <FileInfo>
        <Attr Name="ImportPath" Val="$PPRDIR/../../../../media/francis/Acer/Users/Francis/Documents/GitHub/Proyecto_De_Graduacion/FPU_FLM/RTL/Add-Subt/Comparator.v"/>
        <Attr Name="ImportTime" Val="1457390988"/>
        <Attr Name="UsedIn" Val="synthesis"/>
        <Attr Name="UsedIn" Val="implementation"/>
        <Attr Name="UsedIn" Val="simulation"/>
      </FileInfo>
    </File>
    <File Path="$PSRCDIR/sources_1/imports/Proyecto_De_Graduacion/FPU_FLM/RTL/Add-Subt/MultiplexTxT.v">
      <FileInfo>
        <Attr Name="ImportPath" Val="$PPRDIR/../../../../media/francis/Acer/Users/Francis/Documents/GitHub/Proyecto_De_Graduacion/FPU_FLM/RTL/Add-Subt/MultiplexTxT.v"/>
        <Attr Name="ImportTime" Val="1457647384"/>
        <Attr Name="UsedIn" Val="synthesis"/>
        <Attr Name="UsedIn" Val="implementation"/>
        <Attr Name="UsedIn" Val="simulation"/>
      </FileInfo>
    </File>
    <File Path="$PSRCDIR/sources_1/imports/Pipeline_FPADD_sourcefiles/FPU_ADD_Substract_PIPELINED.v">
      <FileInfo>
        <Attr Name="UserDisabled" Val="1"/>
        <Attr Name="ImportPath" Val="$PPRDIR/../../../../Documents/Karatsuba_FPU/Add_Sub/ADD_SUB_PIPELINED/ADD_SUB_FUNCIONAL_v1.srcs/sim_1/imports/Pipeline_FPADD_sourcefiles/FPU_ADD_Substract_PIPELINED.v"/>
        <Attr Name="ImportTime" Val="1475020806"/>
        <Attr Name="UsedIn" Val="synthesis"/>
        <Attr Name="UsedIn" Val="implementation"/>
        <Attr Name="UsedIn" Val="simulation"/>
      </FileInfo>
    </File>
    <File Path="$PSRCDIR/sources_1/imports/Proyecto_De_Graduacion/FPU_FLM/RTL/Add-Subt/sgn_result.v">
      <FileInfo>
        <Attr Name="ImportPath" Val="$PPRDIR/../../../../media/francis/Acer/Users/Francis/Documents/GitHub/Proyecto_De_Graduacion/FPU_FLM/RTL/Add-Subt/sgn_result.v"/>
        <Attr Name="ImportTime" Val="1457647299"/>
        <Attr Name="UsedIn" Val="synthesis"/>
        <Attr Name="UsedIn" Val="implementation"/>
        <Attr Name="UsedIn" Val="simulation"/>
      </FileInfo>
    </File>
    <File Path="$PSRCDIR/sources_1/imports/Proyecto_De_Graduacion/FPU_FLM/RTL/Add-Subt/Oper_Start_In.v">
      <FileInfo>
        <Attr Name="ImportPath" Val="$PPRDIR/../../../../media/francis/Acer/Users/Francis/Documents/GitHub/Proyecto_De_Graduacion/FPU_FLM/RTL/Add-Subt/Oper_Start_In.v"/>
        <Attr Name="ImportTime" Val="1459713676"/>
        <Attr Name="UsedIn" Val="synthesis"/>
        <Attr Name="UsedIn" Val="implementation"/>
        <Attr Name="UsedIn" Val="simulation"/>
      </FileInfo>
    </File>
    <File Path="$PSRCDIR/sources_1/imports/Proyecto_De_Graduacion/FPU_FLM/RTL/Add-Subt/xor_tri.v">
      <FileInfo>
        <Attr Name="ImportPath" Val="$PPRDIR/../../../../media/francis/Acer/Users/Francis/Documents/GitHub/Proyecto_De_Graduacion/FPU_FLM/RTL/Add-Subt/xor_tri.v"/>
        <Attr Name="ImportTime" Val="1457640772"/>
        <Attr Name="UsedIn" Val="synthesis"/>
        <Attr Name="UsedIn" Val="implementation"/>
        <Attr Name="UsedIn" Val="simulation"/>
      </FileInfo>
    </File>
    <File Path="$PSRCDIR/sources_1/imports/Proyecto_De_Graduacion/FPU_FLM/RTL/Add-Subt/exp_operation.v">
      <FileInfo>
        <Attr Name="ImportPath" Val="$PPRDIR/../../../../media/francis/Acer/Users/Francis/Documents/GitHub/Proyecto_De_Graduacion/FPU_FLM/RTL/Add-Subt/exp_operation.v"/>
        <Attr Name="ImportTime" Val="1464897675"/>
        <Attr Name="UsedIn" Val="synthesis"/>
        <Attr Name="UsedIn" Val="implementation"/>
        <Attr Name="UsedIn" Val="simulation"/>
      </FileInfo>
    </File>
    <File Path="$PSRCDIR/sources_1/imports/Proyecto_De_Graduacion/FPU_FLM/RTL/Add-Subt/Multiplexer_AC.v">
      <FileInfo>
        <Attr Name="ImportPath" Val="$PPRDIR/../../../../media/francis/Acer/Users/Francis/Documents/GitHub/Proyecto_De_Graduacion/FPU_FLM/RTL/Add-Subt/Multiplexer_AC.v"/>
        <Attr Name="ImportTime" Val="1457654216"/>
        <Attr Name="UsedIn" Val="synthesis"/>
        <Attr Name="UsedIn" Val="implementation"/>
        <Attr Name="UsedIn" Val="simulation"/>
      </FileInfo>
    </File>
    <File Path="$PSRCDIR/sources_1/imports/Proyecto_De_Graduacion/FPU_FLM/RTL/Add-Subt/add_sub_carry_out.v">
      <FileInfo>
        <Attr Name="ImportPath" Val="$PPRDIR/../../../../media/francis/Acer/Users/Francis/Documents/GitHub/Proyecto_De_Graduacion/FPU_FLM/RTL/Add-Subt/add_sub_carry_out.v"/>
        <Attr Name="ImportTime" Val="1439959400"/>
        <Attr Name="UsedIn" Val="synthesis"/>
        <Attr Name="UsedIn" Val="implementation"/>
        <Attr Name="UsedIn" Val="simulation"/>
      </FileInfo>
    </File>
    <File Path="$PSRCDIR/sources_1/imports/Proyecto_De_Graduacion/FPU_FLM/RTL/Add-Subt/Rotate_Mux_Array.v">
      <FileInfo>
        <Attr Name="ImportPath" Val="$PPRDIR/../../../../media/francis/Acer/Users/Francis/Documents/GitHub/Proyecto_De_Graduacion/FPU_FLM/RTL/Add-Subt/Rotate_Mux_Array.v"/>
        <Attr Name="ImportTime" Val="1459194896"/>
        <Attr Name="UsedIn" Val="synthesis"/>
        <Attr Name="UsedIn" Val="implementation"/>
        <Attr Name="UsedIn" Val="simulation"/>
      </FileInfo>
    </File>
    <File Path="$PSRCDIR/sources_1/imports/Proyecto_De_Graduacion/FPU_FLM/RTL/Add-Subt/Mux_Array.v">
      <FileInfo>
        <Attr Name="ImportPath" Val="$PPRDIR/../../../../media/francis/Acer/Users/Francis/Documents/GitHub/Proyecto_De_Graduacion/FPU_FLM/RTL/Add-Subt/Mux_Array.v"/>
        <Attr Name="ImportTime" Val="1459957652"/>
        <Attr Name="UsedIn" Val="synthesis"/>
        <Attr Name="UsedIn" Val="implementation"/>
        <Attr Name="UsedIn" Val="simulation"/>
      </FileInfo>
    </File>
    <File Path="$PSRCDIR/sources_1/imports/Proyecto_De_Graduacion/FPU_FLM/RTL/Add-Subt/shift_mux.v">
      <FileInfo>
        <Attr Name="ImportPath" Val="$PPRDIR/../../../../media/francis/Acer/Users/Francis/Documents/GitHub/Proyecto_De_Graduacion/FPU_FLM/RTL/Add-Subt/shift_mux.v"/>
        <Attr Name="ImportTime" Val="1459168065"/>
        <Attr Name="UsedIn" Val="synthesis"/>
        <Attr Name="UsedIn" Val="implementation"/>
        <Attr Name="UsedIn" Val="simulation"/>
      </FileInfo>
    </File>
    <File Path="$PSRCDIR/sources_1/imports/Proyecto_De_Graduacion/FPU_FLM/RTL/Add-Subt/Barrel_shifter.v">
      <FileInfo>
        <Attr Name="ImportPath" Val="$PPRDIR/../../../../media/francis/Acer/Users/Francis/Documents/GitHub/Proyecto_De_Graduacion/FPU_FLM/RTL/Add-Subt/Barrel_shifter.v"/>
        <Attr Name="ImportTime" Val="1463850611"/>
        <Attr Name="UsedIn" Val="synthesis"/>
        <Attr Name="UsedIn" Val="implementation"/>
        <Attr Name="UsedIn" Val="simulation"/>
      </FileInfo>
    </File>
    <File Path="$PSRCDIR/sources_1/imports/Proyecto_De_Graduacion/FPU_FLM/RTL/Add-Subt/Add_Subt.v">
      <FileInfo>
        <Attr Name="ImportPath" Val="$PPRDIR/../../../../media/francis/Acer/Users/Francis/Documents/GitHub/Proyecto_De_Graduacion/FPU_FLM/RTL/Add-Subt/Add_Subt.v"/>
        <Attr Name="ImportTime" Val="1464267101"/>
        <Attr Name="UsedIn" Val="synthesis"/>
        <Attr Name="UsedIn" Val="implementation"/>
        <Attr Name="UsedIn" Val="simulation"/>
      </FileInfo>
    </File>
    <File Path="$PSRCDIR/sources_1/imports/Proyecto_De_Graduacion/FPU_FLM/RTL/Add-Subt/Priority_Codec_32.v">
      <FileInfo>
        <Attr Name="ImportPath" Val="$PPRDIR/../../../../media/francis/Acer/Users/Francis/Documents/GitHub/Proyecto_De_Graduacion/FPU_FLM/RTL/Add-Subt/Priority_Codec_32.v"/>
        <Attr Name="ImportTime" Val="1463770051"/>
        <Attr Name="UsedIn" Val="synthesis"/>
        <Attr Name="UsedIn" Val="implementation"/>
        <Attr Name="UsedIn" Val="simulation"/>
      </FileInfo>
    </File>
    <File Path="$PSRCDIR/sources_1/imports/Proyecto_De_Graduacion/FPU_FLM/RTL/Add-Subt/Priority_Codec_64.v">
      <FileInfo>
        <Attr Name="ImportPath" Val="$PPRDIR/../../../../media/francis/Acer/Users/Francis/Documents/GitHub/Proyecto_De_Graduacion/FPU_FLM/RTL/Add-Subt/Priority_Codec_64.v"/>
        <Attr Name="ImportTime" Val="1460020822"/>
        <Attr Name="UsedIn" Val="synthesis"/>
        <Attr Name="UsedIn" Val="implementation"/>
        <Attr Name="UsedIn" Val="simulation"/>
      </FileInfo>
    </File>
    <File Path="$PSRCDIR/sources_1/imports/Proyecto_De_Graduacion/FPU_FLM/RTL/Add-Subt/Round_Sgf_Dec.v">
      <FileInfo>
        <Attr Name="ImportPath" Val="$PPRDIR/../../../../media/francis/Acer/Users/Francis/Documents/GitHub/Proyecto_De_Graduacion/FPU_FLM/RTL/Add-Subt/Round_Sgf_Dec.v"/>
        <Attr Name="ImportTime" Val="1460979395"/>
        <Attr Name="UsedIn" Val="synthesis"/>
        <Attr Name="UsedIn" Val="implementation"/>
        <Attr Name="UsedIn" Val="simulation"/>
      </FileInfo>
    </File>
    <File Path="$PSRCDIR/sources_1/imports/Proyecto_De_Graduacion/FPU_FLM/RTL/Add-Subt/Tenth_Phase.v">
      <FileInfo>
        <Attr Name="ImportPath" Val="$PPRDIR/../../../../media/francis/Acer/Users/Francis/Documents/GitHub/Proyecto_De_Graduacion/FPU_FLM/RTL/Add-Subt/Tenth_Phase.v"/>
        <Attr Name="ImportTime" Val="1461015227"/>
        <Attr Name="UsedIn" Val="synthesis"/>
        <Attr Name="UsedIn" Val="implementation"/>
        <Attr Name="UsedIn" Val="simulation"/>
      </FileInfo>
    </File>
    <File Path="$PSRCDIR/sources_1/imports/Proyecto_De_Graduacion/FPU_FLM/RTL/Add-Subt/Mux_3x1.v">
      <FileInfo>
        <Attr Name="ImportPath" Val="$PPRDIR/../../../../media/francis/Acer/Users/Francis/Documents/GitHub/Proyecto_De_Graduacion/FPU_FLM/RTL/Add-Subt/Mux_3x1.v"/>
        <Attr Name="ImportTime" Val="1459193607"/>
        <Attr Name="UsedIn" Val="synthesis"/>
        <Attr Name="UsedIn" Val="implementation"/>
        <Attr Name="UsedIn" Val="simulation"/>
      </FileInfo>
    </File>
    <File Path="$PSRCDIR/sources_1/imports/Proyecto_De_Graduacion/FPU_FLM/RTL/Add-Subt/FSM_Add_Subtract.v">
      <FileInfo>
        <Attr Name="ImportPath" Val="$PPRDIR/../../../../media/francis/Acer/Users/Francis/Documents/GitHub/Proyecto_De_Graduacion/FPU_FLM/RTL/Add-Subt/FSM_Add_Subtract.v"/>
        <Attr Name="ImportTime" Val="1464445642"/>
        <Attr Name="UsedIn" Val="synthesis"/>
        <Attr Name="UsedIn" Val="implementation"/>
        <Attr Name="UsedIn" Val="simulation"/>
      </FileInfo>
    </File>
    <File Path="$PSRCDIR/sources_1/imports/Proyecto_De_Graduacion/FPU_FLM/RTL/Add-Subt/FPU_Add_Subtract_Function.v">
      <FileInfo>
        <Attr Name="ImportPath" Val="$PPRDIR/../../../../media/francis/Acer/Users/Francis/Documents/GitHub/Proyecto_De_Graduacion/FPU_FLM/RTL/Add-Subt/FPU_Add_Subtract_Function.v"/>
        <Attr Name="ImportTime" Val="1464898030"/>
        <Attr Name="UsedIn" Val="synthesis"/>
        <Attr Name="UsedIn" Val="implementation"/>
        <Attr Name="UsedIn" Val="simulation"/>
      </FileInfo>
    </File>
    <File Path="$PSRCDIR/sources_1/imports/Proyecto_De_Graduacion/FPU_FLM/RTL/Add-Subt/LZD.v">
      <FileInfo>
        <Attr Name="ImportPath" Val="$PPRDIR/../../../../media/francis/Acer/Users/Francis/Documents/GitHub/Proyecto_De_Graduacion/FPU_FLM/RTL/Add-Subt/LZD.v"/>
        <Attr Name="ImportTime" Val="1464269492"/>
        <Attr Name="UsedIn" Val="synthesis"/>
        <Attr Name="UsedIn" Val="implementation"/>
        <Attr Name="UsedIn" Val="simulation"/>
      </FileInfo>
    </File>
    <File Path="$PSRCDIR/sources_1/imports/Proyecto_De_Graduacion/FPU_FLM/RTL/Add-Subt/Greater_Comparator.v">
      <FileInfo>
        <Attr Name="ImportPath" Val="$PPRDIR/../../../../media/francis/Acer/Users/Francis/Documents/GitHub/Proyecto_De_Graduacion/FPU_FLM/RTL/Add-Subt/Greater_Comparator.v"/>
        <Attr Name="ImportTime" Val="1439869140"/>
        <Attr Name="UsedIn" Val="synthesis"/>
        <Attr Name="UsedIn" Val="implementation"/>
        <Attr Name="UsedIn" Val="simulation"/>
      </FileInfo>
    </File>
    <File Path="$PSRCDIR/sources_1/imports/Proyecto_De_Graduacion/FPU_FLM/RTL/Add-Subt/Comparators.v">
      <FileInfo>
        <Attr Name="ImportPath" Val="$PPRDIR/../../../../media/francis/Acer/Users/Francis/Documents/GitHub/Proyecto_De_Graduacion/FPU_FLM/RTL/Add-Subt/Comparators.v"/>
        <Attr Name="ImportTime" Val="1464897235"/>
        <Attr Name="UsedIn" Val="synthesis"/>
        <Attr Name="UsedIn" Val="implementation"/>
        <Attr Name="UsedIn" Val="simulation"/>
      </FileInfo>
    </File>
    <File Path="$PSRCDIR/sources_1/imports/Proyecto_De_Graduacion/FPU_FLM/RTL/Add-Subt/Comparator_Less.v">
      <FileInfo>
        <Attr Name="ImportPath" Val="$PPRDIR/../../../../media/francis/Acer/Users/Francis/Documents/GitHub/Proyecto_De_Graduacion/FPU_FLM/RTL/Add-Subt/Comparator_Less.v"/>
        <Attr Name="ImportTime" Val="1440102680"/>
        <Attr Name="UsedIn" Val="synthesis"/>
        <Attr Name="UsedIn" Val="implementation"/>
        <Attr Name="UsedIn" Val="simulation"/>
      </FileInfo>
    </File>
    <File Path="$PSRCDIR/sources_1/imports/project_1/archive_project_summary.txt">
      <FileInfo>
        <Attr Name="ImportPath" Val="$PPRDIR/../../../../Documents/Documents/Floating-Point-Unit-master/FPU_Add_subt_Mult/project_1/archive_project_summary.txt"/>
        <Attr Name="ImportTime" Val="1473708142"/>
      </FileInfo>
    </File>
    <File Path="$PSRCDIR/sources_1/imports/Karatsuba_FPU/Pipeline_FPADD_sourcefiles/FPU_ADD_Substract_PIPELINED.v">
      <FileInfo>
        <Attr Name="ImportPath" Val="$PPRDIR/../../../../Documents/Karatsuba_FPU/Pipeline_FPADD_sourcefiles/FPU_ADD_Substract_PIPELINED.v"/>
        <Attr Name="ImportTime" Val="1474850360"/>
        <Attr Name="UsedIn" Val="synthesis"/>
        <Attr Name="UsedIn" Val="implementation"/>
        <Attr Name="UsedIn" Val="simulation"/>
      </FileInfo>
    </File>
    <File Path="$PSRCDIR/sources_1/imports/Karatsuba_FPU/Pipeline_FPADD_sourcefiles/FORMATTER.v">
      <FileInfo>
        <Attr Name="ImportPath" Val="$PPRDIR/../../../../Documents/Karatsuba_FPU/Pipeline_FPADD_sourcefiles/FORMATTER.v"/>
        <Attr Name="ImportTime" Val="1474577598"/>
        <Attr Name="UsedIn" Val="synthesis"/>
        <Attr Name="UsedIn" Val="implementation"/>
        <Attr Name="UsedIn" Val="simulation"/>
      </FileInfo>
    </File>
    <File Path="$PSRCDIR/sources_1/imports/Karatsuba_FPU/Pipeline_FPADD_sourcefiles/Tenth_Phase_v2.v">
      <FileInfo>
        <Attr Name="ImportPath" Val="$PPRDIR/../../../../Documents/Karatsuba_FPU/Pipeline_FPADD_sourcefiles/Tenth_Phase_v2.v"/>
        <Attr Name="ImportTime" Val="1474525001"/>
        <Attr Name="UsedIn" Val="synthesis"/>
        <Attr Name="UsedIn" Val="implementation"/>
        <Attr Name="UsedIn" Val="simulation"/>
      </FileInfo>
    </File>
    <File Path="$PSRCDIR/sources_1/imports/Karatsuba_FPU/Add_Sub/ADD_SUB_PIPELINED/ADD_SUB_FUNCIONAL_v1.sim/vector_simulation_add/behav/Decimal_R.txt">
      <FileInfo>
        <Attr Name="ImportPath" Val="$PPRDIR/../../../../Documents/Karatsuba_FPU/Add_Sub/ADD_SUB_PIPELINED/ADD_SUB_FUNCIONAL_v1.sim/vector_simulation_add/behav/Decimal_R.txt"/>
        <Attr Name="ImportTime" Val="1474863992"/>
      </FileInfo>
    </File>
    <File Path="$PSRCDIR/sources_1/imports/Karatsuba_FPU/Add_Sub/ADD_SUB_PIPELINED/ADD_SUB_FUNCIONAL_v1.sim/vector_simulation_add/behav/Decimal_A.txt">
      <FileInfo>
        <Attr Name="ImportPath" Val="$PPRDIR/../../../../Documents/Karatsuba_FPU/Add_Sub/ADD_SUB_PIPELINED/ADD_SUB_FUNCIONAL_v1.sim/vector_simulation_add/behav/Decimal_A.txt"/>
        <Attr Name="ImportTime" Val="1474863992"/>
      </FileInfo>
    </File>
    <File Path="$PSRCDIR/sources_1/imports/Karatsuba_FPU/Add_Sub/ADD_SUB_PIPELINED/ADD_SUB_FUNCIONAL_v1.sim/vector_simulation_add/behav/Decimal_B.txt">
      <FileInfo>
        <Attr Name="ImportPath" Val="$PPRDIR/../../../../Documents/Karatsuba_FPU/Add_Sub/ADD_SUB_PIPELINED/ADD_SUB_FUNCIONAL_v1.sim/vector_simulation_add/behav/Decimal_B.txt"/>
        <Attr Name="ImportTime" Val="1474863992"/>
      </FileInfo>
    </File>
    <Config>
      <Option Name="DesignMode" Val="RTL"/>
      <Option Name="TopModule" Val="FPU_PIPELINED_FPADDSUB"/>
    </Config>
  </FileSet>
  <FileSet Name="constrs_in" Type="Constrs" RelSrcDir="$PSRCDIR/constrs_1">
    <Filter Type="Constrs"/>
    <File Path="$PSRCDIR/constrs_1/imports/RTL/Nexys4_Master.xdc">
      <FileInfo>
        <Attr Name="UserDisabled" Val="1"/>
        <Attr Name="ImportPath" Val="$PPRDIR/../../../../media/francis/Acer/Users/Francis/Documents/GitHub/Proyecto_De_Graduacion/FPU_FLM/RTL/Nexys4_Master.xdc"/>
        <Attr Name="ImportTime" Val="1462276173"/>
        <Attr Name="UsedIn" Val="synthesis"/>
        <Attr Name="UsedIn" Val="implementation"/>
      </FileInfo>
    </File>
    <File Path="$PSRCDIR/constrs_1/new/Time_Constrains.xdc">
      <FileInfo>
        <Attr Name="ImportPath" Val="$PPRDIR/../../../../media/francis/Acer/Users/Francis/Documents/GitHub/Proyecto_De_Graduacion/FPU_FLM/FPU_2.0/FPU_2.0.srcs/constrs_1/new/Time_Constrains.xdc"/>
        <Attr Name="ImportTime" Val="1464897789"/>
        <Attr Name="UsedIn" Val="synthesis"/>
        <Attr Name="UsedIn" Val="implementation"/>
      </FileInfo>
    </File>
    <Config>
      <Option Name="ConstrsType" Val="XDC"/>
    </Config>
  </FileSet>
  <Strategy Version="1" Minor="2">
    <StratHandle Name="Vivado Synthesis Defaults" Flow="Vivado Synthesis 2015"/>
    <Step Id="synth_design">
      <Option Id="MoreOptsStr"><![CDATA[-generic W=32 -generic SW=23 -generic EW=8 -generic SWR=26 -generic EWR=5]]></Option>
      <Option Id="KeepEquivalentRegisters">1</Option>
    </Step>
  </Strategy>
</GenRun>
